[{"model": "user.permission", "pk": 1, "fields": {"name": "CAN_READ_ROLES", "description": "Позволяет просматривать список всех ролей в системе"}}, {"model": "user.permission", "pk": 2, "fields": {"name": "CAN_CREATE_ROLES", "description": "Позволяет создавать новые роли пользователей"}}, {"model": "user.permission", "pk": 3, "fields": {"name": "CAN_DELETE_ALL_ROLES", "description": "Позволяет полностью очистить весь список ролей"}}, {"model": "user.permission", "pk": 4, "fields": {"name": "CAN_MODIFY_ROLE", "description": "Позволяет менять описание или название конкретной роли"}}, {"model": "user.permission", "pk": 5, "fields": {"name": "CAN_DELETE_ROLE", "description": "Позволяет удалить конкретную роль"}}, {"model": "user.permission", "pk": 7, "fields": {"name": "CAN_READ_PERMISSIONS", "description": "Позволяет получить доступ к полному списку существующих прав доступа"}}, {"model": "user.permission", "pk": 8, "fields": {"name": "CAN_CREATE_PERMISSIONS", "description": "Позволяет создавать новые права доступа для ролей пользователей"}}, {"model": "user.permission", "pk": 9, "fields": {"name": "CAN_MODIFY_PERMISSION", "description": "Позволяет внести изменения в описание или название существующего права доступа"}}, {"model": "user.permission", "pk": 10, "fields": {"name": "CAN_DELETE_ALL_PERMISSIONS", "description": "Позволяет удалить все существующие права доступа"}}, {"model": "user.permission", "pk": 11, "fields": {"name": "CAN_DELETE_PERMISSION", "description": "Позволяет удалять конкретную роль"}}, {"model": "user.permission", "pk": 12, "fields": {"name": "CAN_CREATE_NEW_USER", "description": "Создание аккаунтов для новых пользователей (Задел на будущее для реализации логики, при которой пользователей вводят в систему компании люди, отвечающие за безопасность)"}}, {"model": "user.permission", "pk": 13, "fields": {"name": "CAN_READ_WHOLE_USER_INFO", "description": "Позволяет получать полную информацию о пользователе"}}, {"model": "user.permission", "pk": 14, "fields": {"name": "CAN_CHANGE_ROLE_AND_DEACTIVATE_ACCOUNT", "description": "Позволяет деактивировать аккаунт и изменять роль пользователя"}}, {"model": "user.permission", "pk": 15, "fields": {"name": "CAN_READ_OWN_USER_INFO", "description": "Позволяет каждому пользователю менять своё ФИО и почтовый адрес"}}, {"model": "user.permission", "pk": 16, "fields": {"name": "CAN_MODIFY_PERSONAL_DATA", "description": "Позволяет пользователям менять свои ФИО и почтовый адрес"}}, {"model": "user.permission", "pk": 17, "fields": {"name": "CAN_DEACTIVATE_OWN_ACCOUNT", "description": "Позволяет пользователю перевести свой аккаунт в статус \"Не активен\""}}, {"model": "user.permission", "pk": 18, "fields": {"name": "CAN_CREATE_TASK", "description": "Позволяет создавать задачи для исполнения сотрудниками"}}, {"model": "user.permission", "pk": 19, "fields": {"name": "CAN_MODIFY_TASK", "description": "Позволяет изменять информацию по задаче:\r\n\r\nАвтор - название и описание\r\nИсполнитель - статус работ по задаче\r\nАдминистратор и техническая поддержка - менять название и описание, приоритет, исполнителя, дедлайн по задаче"}}, {"model": "user.permission", "pk": 20, "fields": {"name": "CAN_READ_TASK", "description": "Позволяет смотреть информацию по задаче"}}, {"model": "user.permission", "pk": 22, "fields": {"name": "CAN_READ_TASKS", "description": "Позволяет просматривать весь список существующих задач"}}, {"model": "user.role", "pk": 7, "fields": {"name": "Гость", "description": "0 уровень в системе", "level": 0, "permissions": [15, 16, 17]}}, {"model": "user.role", "pk": 8, "fields": {"name": "Менеджер", "description": "1 уровень в системе", "level": 1, "permissions": [15, 16, 17, 18]}}, {"model": "user.role", "pk": 9, "fields": {"name": "Программист", "description": "2 уровень в системе", "level": 2, "permissions": [15, 16, 17, 18, 19, 20]}}, {"model": "user.role", "pk": 10, "fields": {"name": "Специалист технической поддержки", "description": "3 уровень в системе", "level": 3, "permissions": [1, 4, 7, 9, 12, 13, 14, 15, 16, 17, 18, 19, 20, 22]}}, {"model": "user.role", "pk": 11, "fields": {"name": "Администратор", "description": "4 уровень в системе", "level": 4, "permissions": [1, 2, 3, 4, 5, 7, 8, 9, 10, 11, 12, 13, 14, 15, 16, 17, 18, 19, 20, 22]}}, {"model": "user.role", "pk": 12, "fields": {"name": "Директор", "description": "Директор выше администратора", "level": 5, "permissions": [1]}}, {"model": "user.user", "pk": 2, "fields": {"password": "$2b$12$LSr8oVoQ0R9HdjD3mLF9zeqTbu2QJWsr7eKvb1Vl8bL97uES4YT1m", "last_login": null, "first_name": "Иван", "last_name": "Иванов", "surname": "Иванович", "email": "programmer1@mail.ru", "is_active": true, "role": 9}}, {"model": "user.user", "pk": 3, "fields": {"password": "$2b$12$aTm43f5VHYeWKCSmtqVzt.tVG8pAhh4DHnaSPZG1wYzevdmpkJR76", "last_login": null, "first_name": "Алексей", "last_name": "Алексеев", "surname": "Алексеевич", "email": "guest1@mail.ru", "is_active": true, "role": 7}}, {"model": "user.user", "pk": 4, "fields": {"password": "$2b$12$B2qCZ2DLbVk7c4mv8Eoc2exqzGUENVI2w5iQl47/WTs4vI5tNrJzC", "last_login": null, "first_name": "Артём", "last_name": "Артёмов", "surname": "Артёмович", "email": "admin1@mail.ru", "is_active": true, "role": 11}}, {"model": "user.user", "pk": 5, "fields": {"password": "$2b$12$vlcnpv0TisW5gTJHRmVHY.KbnoLGNuIHFqucXyCKVoF9wjIbBVtXW", "last_login": null, "first_name": "Денис", "last_name": "Денисов", "surname": "Денисович", "email": "support1@mail.ru", "is_active": true, "role": 10}}, {"model": "user.user", "pk": 6, "fields": {"password": "$2b$12$KE0KQEZm.WUULQRe.jDZnu/HDC77mEJ9Ee4VzvN/bPQuVZSbKHu52", "last_login": null, "first_name": "Максим", "last_name": "Максимов", "surname": "Максимович", "email": "manager1@mail.ru", "is_active": true, "role": 8}}, {"model": "user.userrefreshtoken", "pk": 1, "fields": {"refresh_token": "eyJhbGciOiJIUzI1NiIsInR5cCI6IkpXVCJ9.eyJpZCI6MiwiZW1haWwiOiJwcm9ncmFtbWVyMUBtYWlsLnJ1IiwiZXhwIjoxNzY2MzI5ODcwfQ.Ys0ijtRq7kgA5ekUYz6o0AxFt-dZKauVLGvAT1Y2jR4", "created_at": "2025-11-21T15:11:10.638Z", "is_active": false, "user": 2}}, {"model": "user.userrefreshtoken", "pk": 2, "fields": {"refresh_token": "eyJhbGciOiJIUzI1NiIsInR5cCI6IkpXVCJ9.eyJpZCI6NiwiZW1haWwiOiJtYW5hZ2VyMUBtYWlsLnJ1IiwiZXhwIjoxNzY2MzMwMTgyfQ.Sr5yshMk7n45mMi-Rfm4pytD97LejrlSKM_phw3BEHg", "created_at": "2025-11-21T15:16:22.535Z", "is_active": false, "user": 6}}, {"model": "user.userrefreshtoken", "pk": 3, "fields": {"refresh_token": "eyJhbGciOiJIUzI1NiIsInR5cCI6IkpXVCJ9.eyJpZCI6NSwiZW1haWwiOiJzdXBwb3J0MUBtYWlsLnJ1IiwiZXhwIjoxNzY2MzMwMjY1fQ.9ZhEGEasByCUCJTE-YpzQXZs9aZzfucRpWk3htC_xXE", "created_at": "2025-11-21T15:17:45.927Z", "is_active": false, "user": 5}}, {"model": "user.userrefreshtoken", "pk": 4, "fields": {"refresh_token": "eyJhbGciOiJIUzI1NiIsInR5cCI6IkpXVCJ9.eyJpZCI6NCwiZW1haWwiOiJhZG1pbjFAbWFpbC5ydSIsImV4cCI6MTc2NjM5ODg2NX0.2OxdO_CcHjVGZwUxH_rxxLDue-iV42AAqqgyaJyipN8", "created_at": "2025-11-22T10:21:05.959Z", "is_active": false, "user": 4}}, {"model": "user.userrefreshtoken", "pk": 5, "fields": {"refresh_token": "eyJhbGciOiJIUzI1NiIsInR5cCI6IkpXVCJ9.eyJpZCI6NSwiZW1haWwiOiJzdXBwb3J0MUBtYWlsLnJ1IiwiZXhwIjoxNzY2Mzk5MDY2fQ.0GQ3rZ5zPlyfoqdSACA61OhXCOMdLqtN_zFbU7EpgD8", "created_at": "2025-11-22T10:24:26.305Z", "is_active": false, "user": 5}}, {"model": "user.userrefreshtoken", "pk": 6, "fields": {"refresh_token": "eyJhbGciOiJIUzI1NiIsInR5cCI6IkpXVCJ9.eyJpZCI6NCwiZW1haWwiOiJhZG1pbjFAbWFpbC5ydSIsImV4cCI6MTc2NjQwMjg2OX0.obqcC-fckPGLLYmMeXh8OmhV_oyx3C2mdfZqZ6RIVxo", "created_at": "2025-11-22T11:27:49.089Z", "is_active": false, "user": 4}}, {"model": "user.userrefreshtoken", "pk": 7, "fields": {"refresh_token": "eyJhbGciOiJIUzI1NiIsInR5cCI6IkpXVCJ9.eyJpZCI6NSwiZW1haWwiOiJzdXBwb3J0MUBtYWlsLnJ1IiwiZXhwIjoxNzY2NDA3MDMwfQ.yZsMyQcrPLuPvPoUsWX2zb7EwqVfAUWXGGQDRX29qdo", "created_at": "2025-11-22T12:37:10.750Z", "is_active": false, "user": 5}}, {"model": "user.userrefreshtoken", "pk": 8, "fields": {"refresh_token": "eyJhbGciOiJIUzI1NiIsInR5cCI6IkpXVCJ9.eyJpZCI6NiwiZW1haWwiOiJtYW5hZ2VyMUBtYWlsLnJ1IiwiZXhwIjoxNzY2NDEwNjQ2fQ.mH2lowxDJZyGatvVVxG3dlHcfgcAI_FtrUb5B_ySisY", "created_at": "2025-11-22T13:37:26.814Z", "is_active": false, "user": 6}}, {"model": "user.userrefreshtoken", "pk": 9, "fields": {"refresh_token": "eyJhbGciOiJIUzI1NiIsInR5cCI6IkpXVCJ9.eyJpZCI6MiwiZW1haWwiOiJwcm9ncmFtbWVyMUBtYWlsLnJ1IiwiZXhwIjoxNzY2NDExMDYyfQ.dM_-hcssZgLWcoVpRX43HZWdQbqIU6cVDces__GQzOU", "created_at": "2025-11-22T13:44:22.517Z", "is_active": false, "user": 2}}, {"model": "user.userrefreshtoken", "pk": 10, "fields": {"refresh_token": "eyJhbGciOiJIUzI1NiIsInR5cCI6IkpXVCJ9.eyJpZCI6NSwiZW1haWwiOiJzdXBwb3J0MUBtYWlsLnJ1IiwiZXhwIjoxNzY2NDExNzAyfQ.cWdpJeQdsyGVX3n7B_vUJ4CHrzzHbzHRc0oM6jNz0rA", "created_at": "2025-11-22T13:55:02.428Z", "is_active": false, "user": 5}}, {"model": "user.userrefreshtoken", "pk": 11, "fields": {"refresh_token": "eyJhbGciOiJIUzI1NiIsInR5cCI6IkpXVCJ9.eyJpZCI6MywiZW1haWwiOiJndWVzdDFAbWFpbC5ydSIsImV4cCI6MTc2NjQxMjYzN30.DUfTcBILoPxqWNdvQlA0hXbGwkMgnX_mxOcndjak40U", "created_at": "2025-11-22T14:10:37.945Z", "is_active": false, "user": 3}}, {"model": "user.userrefreshtoken", "pk": 12, "fields": {"refresh_token": "eyJhbGciOiJIUzI1NiIsInR5cCI6IkpXVCJ9.eyJpZCI6NCwiZW1haWwiOiJhZG1pbjFAbWFpbC5ydSIsImV4cCI6MTc2NjQ3MjIwMn0.t0b7oyJr6pBxNBwey9CL26a-EiNT3mPG4rOauEmfY04", "created_at": "2025-11-23T06:43:22.891Z", "is_active": false, "user": 4}}, {"model": "user.userrefreshtoken", "pk": 13, "fields": {"refresh_token": "eyJhbGciOiJIUzI1NiIsInR5cCI6IkpXVCJ9.eyJpZCI6NiwiZW1haWwiOiJtYW5hZ2VyMUBtYWlsLnJ1IiwiZXhwIjoxNzY2NDc2MDcyfQ.Iw65mnkIZt4N1osNslKfTLJRO4zSEEhIHllmq1txcWc", "created_at": "2025-11-23T07:47:52.146Z", "is_active": false, "user": 6}}, {"model": "user.userrefreshtoken", "pk": 14, "fields": {"refresh_token": "eyJhbGciOiJIUzI1NiIsInR5cCI6IkpXVCJ9.eyJpZCI6MywiZW1haWwiOiJndWVzdDFAbWFpbC5ydSIsImV4cCI6MTc2NjQ3Nzc5Mn0.kNUmqhYaUqWR5m3hnxgO-IAua2DQ2w2vWPRRzzL27LU", "created_at": "2025-11-23T08:16:32.800Z", "is_active": false, "user": 3}}, {"model": "user.userrefreshtoken", "pk": 15, "fields": {"refresh_token": "eyJhbGciOiJIUzI1NiIsInR5cCI6IkpXVCJ9.eyJpZCI6MywiZW1haWwiOiJndWVzdDFAbWFpbC5ydSIsImV4cCI6MTc2NjQ3NzkzOH0.nbe-KzsYKHWtGv_beigzwXjzd7ONfkn_HeAYMVaA7ak", "created_at": "2025-11-23T08:18:58.155Z", "is_active": true, "user": 3}}, {"model": "user.userrefreshtoken", "pk": 16, "fields": {"refresh_token": "eyJhbGciOiJIUzI1NiIsInR5cCI6IkpXVCJ9.eyJpZCI6MywiZXhwIjoxNzY2NDc4MDg1fQ.07Lk937cqlNmeLDgKotWXUBQT1h_pfkHh4PWQ0Z-_Hk", "created_at": "2025-11-23T08:21:25.258Z", "is_active": true, "user": 3}}, {"model": "user.userrefreshtoken", "pk": 17, "fields": {"refresh_token": "eyJhbGciOiJIUzI1NiIsInR5cCI6IkpXVCJ9.eyJpZCI6MywiZXhwIjoxNzY2NDc4MTczfQ.fVjDr6FCDOtzKd9k57XnzBn_wuwhwHAeYC027NuWzno", "created_at": "2025-11-23T08:22:53.365Z", "is_active": false, "user": 3}}, {"model": "user.userrefreshtoken", "pk": 18, "fields": {"refresh_token": "eyJhbGciOiJIUzI1NiIsInR5cCI6IkpXVCJ9.eyJpZCI6MywiZXhwIjoxNzY2NDc4MzI3fQ.wVMg0f3k5D3VVCI_dGkr_Dx7ZgpUIYnMieSAGLrycwM", "created_at": "2025-11-23T08:25:27.328Z", "is_active": false, "user": 3}}, {"model": "user.userrefreshtoken", "pk": 19, "fields": {"refresh_token": "eyJhbGciOiJIUzI1NiIsInR5cCI6IkpXVCJ9.eyJpZCI6NiwiZXhwIjoxNzY2NDc4Mzc5fQ.sKzPijXuuNrW-7M3DkLzS5woxn_E99okapu20em6HdE", "created_at": "2025-11-23T08:26:19.225Z", "is_active": false, "user": 6}}, {"model": "user.userrefreshtoken", "pk": 20, "fields": {"refresh_token": "eyJhbGciOiJIUzI1NiIsInR5cCI6IkpXVCJ9.eyJpZCI6MiwiZXhwIjoxNzY2NDc4NjQyfQ.Ld_aaSSy0C7jKoJrV8Cqu4lzxHUhM-fBT-_n5Y7DqJQ", "created_at": "2025-11-23T08:30:42.812Z", "is_active": false, "user": 2}}, {"model": "user.userrefreshtoken", "pk": 21, "fields": {"refresh_token": "eyJhbGciOiJIUzI1NiIsInR5cCI6IkpXVCJ9.eyJpZCI6NSwiZXhwIjoxNzY2NDc4OTc5fQ.y4p-7_H_Jb9_KVqoeT15k7Rnmg9c27sRLhKpKPtAVig", "created_at": "2025-11-23T08:36:19.709Z", "is_active": false, "user": 5}}, {"model": "user.userrefreshtoken", "pk": 22, "fields": {"refresh_token": "eyJhbGciOiJIUzI1NiIsInR5cCI6IkpXVCJ9.eyJpZCI6NCwiZXhwIjoxNzY2NDc5MTU5fQ.OpOROg-4yAAC8VEFinuBQhV32at-Z2wKlgtqMBP1oZY", "created_at": "2025-11-23T08:39:19.707Z", "is_active": true, "user": 4}}]